[{
  "_id": {
    "$oid": "6907a59e5570d2c26fdde9dc"
  },
  "name": "vishu",
  "email": "vishu@example.com",
  "joinDate": {
    "$date": "2023-06-15T00:00:00.000Z"
  }
},
{
  "_id": {
    "$oid": "6907a59e5570d2c26fdde9dd"
  },
  "name": "yash",
  "email": "yash@example.com",
  "joinDate": {
    "$date": "2024-01-10T00:00:00.000Z"
  }
},
{
  "_id": {
    "$oid": "6907a59e5570d2c26fdde9de"
  },
  "name": "harsh",
  "email": "harsh@example.com",
  "joinDate": {
    "$date": "2024-09-05T00:00:00.000Z"
  }
}]